{"trial": [{"trial": 0, "error_rotation": 0.3505751438276359, "error_translation": 0.02162652003639123, "delta_phi": -0.07009000582052138, "delta_theta": 9.535153233497084, "delta_psi": 3.363356840318122, "delta_tx": -0.1332019653102387, "delta_ty": -0.017201205312233153, "delta_tz": -0.14335682591909182, "obs_img_num": 47, "obs_img_path": "/home/maximilian_fehrentz/ParallelInversion/data/nerf/nerf_brain/MRA/./images/0049.jpg", "gt_pose": [[0.05440403699694341, -0.2251690832296215, 0.9727996415493793, 4.09139228579295], [0.9973613836341194, -0.03464466983251001, -0.06379668997656386, -0.25765614786715285], [0.04806736109705524, 0.9737035939327481, 0.22269013850242, 1.2423081663045088], [0.0, 0.0, 0.0, 1.0]], "start_pose": [[0.0372252611717521, -0.38285219450163677, 0.9230593345348107, 3.9581903204827116], [0.9927786732142926, -0.09124190833919223, -0.0778808137344729, -0.274857353179386], [0.11403852836006079, 0.9192927549783722, 0.37669098982720906, 1.098951340385417], [0.0, 0.0, 0.0, 1.0]], "log": []}, {"trial": 1, "error_rotation": 0.20643513633739563, "error_translation": 0.013004877682741034, "delta_phi": 8.140797565872028, "delta_theta": 10.820093141330617, "delta_psi": -10.48089103181714, "delta_tx": -0.06278143402343724, "delta_ty": -0.0760816670248971, "delta_tz": 0.07148603040441015, "obs_img_num": 47, "obs_img_path": "/home/maximilian_fehrentz/ParallelInversion/data/nerf/nerf_brain/MRA/./images/0049.jpg", "gt_pose": [[0.05440403699694341, -0.2251690832296215, 0.9727996415493793, 4.09139228579295], [0.9973613836341194, -0.03464466983251001, -0.06379668997656386, -0.25765614786715285], [0.04806736109705524, 0.9737035939327481, 0.22269013850242, 1.2423081663045088], [0.0, 0.0, 0.0, 1.0]], "start_pose": [[-0.0622840560211527, -0.4182945228129654, 0.9061735188815901, 4.028610851769513], [0.9906275274767702, 0.08467763998323452, 0.10717649025337551, -0.33373781489204996], [-0.12156396744010599, 0.904355819077516, 0.40910000201847696, 1.313794196708919], [0.0, 0.0, 0.0, 1.0]], "log": []}, {"trial": 2, "error_rotation": 0.5091602888481891, "error_translation": 0.032162946132402365, "delta_phi": -9.04443722921487, "delta_theta": 9.454888021530063, "delta_psi": -10.235539404466905, "delta_tx": 0.11676783951084593, "delta_ty": 0.1461417906779587, "delta_tz": -0.11476698309226312, "obs_img_num": 47, "obs_img_path": "/home/maximilian_fehrentz/ParallelInversion/data/nerf/nerf_brain/MRA/./images/0049.jpg", "gt_pose": [[0.05440403699694341, -0.2251690832296215, 0.9727996415493793, 4.09139228579295], [0.9973613836341194, -0.03464466983251001, -0.06379668997656386, -0.25765614786715285], [0.04806736109705524, 0.9737035939327481, 0.22269013850242, 1.2423081663045088], [0.0, 0.0, 0.0, 1.0]], "start_pose": [[0.22970831379057013, -0.3539563095213832, 0.9066140725899995, 4.208160125303796], [0.9659297193962658, 0.19702082328457712, -0.1678170909004115, -0.11151435718919414], [-0.11922192655509628, 0.9142744577915825, 0.38715423983251407, 1.1275411832122457], [0.0, 0.0, 0.0, 1.0]], "log": []}, {"trial": 3, "error_rotation": 0.37318138129123846, "error_translation": 0.023339730775944544, "delta_phi": -11.515865171443538, "delta_theta": -14.6127740664046, "delta_psi": -0.3949966989167937, "delta_tx": -0.031865294311840514, "delta_ty": -0.014181057220989696, "delta_tz": 0.011444350604854825, "obs_img_num": 47, "obs_img_path": "/home/maximilian_fehrentz/ParallelInversion/data/nerf/nerf_brain/MRA/./images/0049.jpg", "gt_pose": [[0.05440403699694341, -0.2251690832296215, 0.9727996415493793, 4.09139228579295], [0.9973613836341194, -0.03464466983251001, -0.06379668997656386, -0.25765614786715285], [0.04806736109705524, 0.9737035939327481, 0.22269013850242, 1.2423081663045088], [0.0, 0.0, 0.0, 1.0]], "start_pose": [[0.2609409405085021, 0.021683610783817742, 0.9651112374587008, 4.05952699148111], [0.9650009869505607, -0.03292284886005421, -0.26017145356741733, -0.2718372050881426], [0.026132752628588603, 0.9992226804242064, -0.029515624952656618, 1.2537525169093637], [0.0, 0.0, 0.0, 1.0]], "log": []}, {"trial": 4, "error_rotation": 0.09762470339376948, "error_translation": 0.0066404747502119416, "delta_phi": -5.069537152491058, "delta_theta": 9.079187073614616, "delta_psi": -12.05244193348374, "delta_tx": 0.08718663077839342, "delta_ty": -0.010249097120541367, "delta_tz": -0.019400324219925602, "obs_img_num": 47, "obs_img_path": "/home/maximilian_fehrentz/ParallelInversion/data/nerf/nerf_brain/MRA/./images/0049.jpg", "gt_pose": [[0.05440403699694341, -0.2251690832296215, 0.9727996415493793, 4.09139228579295], [0.9973613836341194, -0.03464466983251001, -0.06379668997656386, -0.25765614786715285], [0.04806736109705524, 0.9737035939327481, 0.22269013850242, 1.2423081663045088], [0.0, 0.0, 0.0, 1.0]], "start_pose": [[0.1659333410711555, -0.3573182837350993, 0.9191244893670388, 4.178578916571343], [0.9745628908731045, 0.2017987486464504, -0.09749071451096512, -0.2679052449876942], [-0.1506429489321876, 0.9119215795128173, 0.38171428014513065, 1.2229078420845831], [0.0, 0.0, 0.0, 1.0]], "log": []}], "delta_rot_range_start": 15.0, "delta_trans_range_start": 0.15, "5deg": 1.0, "5cm": 1.0}